,cname,ccodealp,ht_region,gle_cgdpc,undp_hdi,imf_pop,wef_imort,who_alc2000,who_tobt,wdi_exph,flagnull
0,Afghanistan,AFG,8,1282.64,0.479,29.82500076293945,NaN,0.0099999998,NaN,8.182273864746094,False
1,Albania,ALB,1,8516.7002,0.76200002,NaN,15.0,4.5100002,29.700001,5.883105278015137,True
2,Algeria,DZA,3,5402.1699,0.74299997,39.11399841308594,17.20000076293945,0.52999997,NaN,7.207178115844727,False
3,Andorra,AND,5,32367.33,0.85699999,NaN,NaN,9.9799995,33.099998,8.127135276794434,True
4,Angola,AGO,4,3771.2,0.53100002,25.78899955749512,99.5,8.3299999,NaN,3.30698299407959,False
5,Antigua and Barbuda,ATG,10,12257.71,0.78399998,NaN,NaN,8.5600004,NaN,5.541683197021484,True
6,Azerbaijan,AZE,1,9793.3096,0.75800002,9.342000007629396,30.79999923706055,2.1400001,23.5,6.036863327026367,False
7,Argentina,ARG,2,15102.61,0.82599998,41.73300170898438,12.69999980926514,7.9299998,25.299999,4.785916328430176,False
8,Australia,AUS,5,38611.949,0.93699998,23.62100028991699,4.099999904632568,9.71,16.0,9.422300338745115,False
9,Austria,AUT,5,38868.039,0.89200002,8.543999671936035,3.299999952316284,12.32,NaN,11.20547294616699,False
10,Bahamas,BHS,10,21672.029,0.79000002,0.3560000061988831,NaN,9.4499998,NaN,7.742364883422852,False
11,Bahrain,BHR,3,22498.48,0.82300001,1.26800000667572,8.199999809265137,1.5700001,30.299999,4.980796337127686,False
12,Bangladesh,BGD,8,1796.64,0.57499999,154.6950073242188,33.09999847412109,0.0099999998,21.799999,2.818998575210571,False
13,Armenia,ARM,1,6451.9399,0.741,2.980000019073486,14.69999980926514,3.9100001,28.0,4.480149269104004,False
14,Barbados,BRB,10,22888.971,0.79400003,0.2790000140666962,16.89999961853027,8.8199997,7.0,7.469303131103516,False
15,Belgium,BEL,5,33764.711,0.89499998,11.18099975585938,3.400000095367432,12.6,23.9,10.59475135803223,False
16,Bhutan,BTN,8,5639.02,0.60399997,0.765999972820282,35.70000076293945,0.23,NaN,3.573014736175537,False
17,Bolivia,BOL,2,4023.8701,0.671,10.07800006866455,32.79999923706055,3.6199999,NaN,6.334827423095703,False
18,Bosnia and Herzegovina,BIH,1,8507.6504,0.74699998,3.871000051498413,5.699999809265137,4.0300002,39.200001,9.572015762329102,False
19,Botswana,BWA,4,12770.73,0.69800001,NaN,41.0,5.7600002,NaN,5.412002563476563,True
20,Brazil,BRA,2,9815.2402,0.75400001,202.7689971923828,12.89999961853027,7.3200002,16.1,8.322834014892578,False
21,Belize,BLZ,10,6649.1401,0.70599997,0.3499999940395355,15.69999980926514,6.5799999,NaN,5.788949966430664,False
22,Solomon Islands,SLB,9,2113.0601,0.514,0.5619999766349792,NaN,0.99000001,NaN,5.05106258392334,False
23,Brunei,BRN,7,46103.84,0.86400002,0.4120000004768372,5.599999904632568,0.97000003,16.4,2.648162841796875,False
24,Bulgaria,BGR,1,13967.45,0.792,7.202000141143799,10.5,12.03,36.799999,8.442913055419922,False
25,Myanmar,MMR,7,5733.3701,0.55199999,51.41899871826172,41.09999847412109,0.69999999,20.0,2.275754690170288,False
26,Burundi,BDI,4,663.57001,0.40599999,NaN,66.9000015258789,4.1599998,NaN,7.535565376281738,True
27,Belarus,BLR,1,17780.641,0.79799998,9.468000411987305,NaN,13.94,27.9,5.687721729278565,False
28,Cambodia,KHM,7,1927.0601,0.55800003,14.60499954223633,33.90000152587891,2.1199999,23.0,5.675638675689697,False
29,Cameroon,CMR,4,2658.51,0.514,NaN,61.09999847412109,6.1900001,18.799999,4.103671550750732,True
30,Canada,CAN,5,36577.078,0.91900003,35.49599838256836,4.699999809265137,8.1000004,16.200001,10.44958209991455,False
31,Cape Verde,CPV,4,3972.6101,0.64600003,0.5120000243186951,18.89999961853027,5.0700002,12.2,4.759696006774902,False
32,Central African Republic,CAF,4,690.03998,0.347,NaN,NaN,1.66,NaN,4.200222015380859,True
33,Sri Lanka,LKA,8,5466.8701,0.764,20.54100036621094,8.300000190734863,2.3699999,14.1,3.503350019454956,False
34,Chad,TCD,4,1651.05,0.39399999,NaN,89.4000015258789,0.63999999,NaN,3.621164321899414,True
35,Chile,CHL,2,15519.08,0.84500003,17.81900024414063,7.800000190734863,7.1599998,38.900002,7.785857677459717,False
36,China,CHN,6,9283.3799,0.73400003,NaN,12.10000038146973,5.7800002,25.9,5.548227787017822,True
37,Taiwan,TWN,6,33965.871,NaN,23.43400001525879,3.934564113616943,NaN,NaN,NaN,False
38,Colombia,COL,2,8761.1396,0.72399998,47.6619987487793,15.10000038146973,4.3800001,11.6,7.201298713684082,False
39,Comoros,COM,4,972.35999,0.498,0.7760000228881836,NaN,0.12,15.3,6.747642993927002,False
40,Congo,COG,4,2369.8401,0.58999997,NaN,NaN,3.8199999,18.5,5.151411533355713,True
41,"Congo, Democratic Republic",COD,4,324.16,0.42500001,NaN,74.5,1.8200001,NaN,4.32823371887207,True
42,Costa Rica,CRI,2,9485.71,0.77499998,NaN,8.600000381469727,3.45,14.2,9.313112258911133,True
43,Croatia,HRV,1,18020.41,0.82300001,4.23799991607666,4.0,12.14,36.0,7.803241729736328,False
44,Cuba,CUB,2,5899.9399,0.773,NaN,NaN,4.3699999,36.099998,11.05880069732666,True
45,Cyprus (1975-),CYP,3,27207.07,0.85399997,0.8579999804496765,2.5,9.04,NaN,7.367611408233643,False
46,Czech Republic,CZE,1,23847.08,0.875,10.51200008392334,3.099999904632568,12.68,33.400002,7.410911560058594,False
47,Benin,BEN,4,1413.05,0.48100001,10.31999969482422,56.20000076293945,1.4,8.8000002,4.594296455383301,False
48,Denmark,DNK,5,37406.762,0.92299998,5.626999855041504,3.0,9.6400003,18.9,10.80495738983154,False
49,Dominica,DMA,10,12613.72,0.72399998,NaN,NaN,5.46,NaN,5.485832691192627,True
50,Dominican Republic,DOM,2,10376.63,0.71799999,NaN,22.79999923706055,5.9200001,14.5,4.375777721405029,True
51,Ecuador,ECU,2,7259.52,0.73900002,15.77499961853027,19.10000038146973,3.8199999,9.0,9.161087989807127,False
52,El Salvador,SLV,2,332.26999,0.67799997,NaN,13.60000038146973,2.52,NaN,6.772402763366699,True
53,Equatorial Guinea,GNQ,4,15412.43,0.58200002,NaN,NaN,10.72,NaN,3.804079055786133,True
54,Ethiopia (1993-),ETH,4,900.77002,0.44100001,88.34700012207031,46.5,1.86,4.6999998,4.884313106536865,False
55,Eritrea,ERI,4,1007.28,0.41800001,NaN,NaN,0.62,NaN,3.338293075561523,True
56,Estonia,EST,1,19768.039,0.86299998,1.315999984741211,2.900000095367432,NaN,33.200001,6.379294395446777,False
57,Fiji,FJI,9,3848.72,0.73400003,0.8799999952316284,NaN,NaN,26.5,4.487498760223389,False
58,Finland,FIN,5,36958.211,0.89300001,5.427000045776367,2.400000095367432,8.8000002,21.799999,9.679908752441406,False
59,France (1963-),FRA,5,34007.898,0.89399999,64.02799987792969,3.400000095367432,11.5,28.1,11.53951930999756,False
60,Djibouti,DJI,4,2685.5,0.47,NaN,NaN,0.38,NaN,10.56825637817383,True
61,Gabon,GAB,4,14525.28,0.69400001,NaN,42.40000152587891,8.8599997,NaN,3.437471628189087,True
62,Georgia,GEO,1,7148.5698,0.76800001,3.730000019073486,17.79999923706055,6.1300001,30.0,7.416659355163574,False
63,Gambia,GMB,4,1601.88,0.44999999,NaN,49.20000076293945,3.4100001,NaN,7.340400695800781,True
64,Germany,DEU,5,39486.699,0.92400002,80.98300170898438,3.400000095367432,11.03,30.700001,11.29700088500977,False
65,Ghana,GHA,4,2584.6001,0.57499999,NaN,48.59999847412109,1.64,6.3000002,3.557291984558106,True
66,Kiribati,KIR,9,1532.65,0.58600003,0.1070000007748604,NaN,0.52999997,54.0,10.21295070648193,False
67,Greece,GRC,5,25295.27,0.86500001,10.92700004577637,4.099999904632568,7.5300002,43.400002,8.084266662597656,False
68,Grenada,GRD,10,8314.5596,0.75099999,NaN,NaN,8.4200001,NaN,6.09761381149292,True
69,Guatemala,GTM,2,4438.0,0.63700002,NaN,26.5,1.88,NaN,6.202301502227783,True
70,Guinea,GIN,4,993.83002,0.414,11.74499988555908,65.19999694824219,0.22,NaN,5.644797801971436,False
71,Guyana,GUY,10,2042.8199,0.63800001,0.7559999823570251,29.0,7.6399999,NaN,5.247803688049316,False
72,Haiti,HTI,2,1024.9399,0.49000001,NaN,56.5,5.6799998,11.8,7.555654048919678,True
73,Honduras,HND,2,3303.1399,0.62300003,NaN,19.39999961853027,2.8699999,18.9,8.72268009185791,True
74,Hungary,HUN,1,18310.811,0.83399999,9.876999855041504,5.300000190734863,10.88,29.6,7.400781154632568,False
75,Iceland,ISL,5,31313.609,0.91900003,0.3289999961853027,1.799999952316284,7.4499998,17.5,8.859166145324707,False
76,India,IND,8,4256.79,0.61500001,NaN,43.79999923706055,3.0699999,12.4,4.685088157653809,True
77,Indonesia,IDN,7,4780.0098,0.68599999,252.1649932861328,25.79999923706055,0.090000004,38.5,2.84686017036438,False
78,Iran,IRN,3,12889.28,0.77399999,75.1500015258789,15.10000038146973,0.029999999,11.7,6.894922256469727,False
79,Iraq,IRQ,3,4178.2598,0.64899999,32.57799911499023,NaN,0.17,NaN,5.538873195648193,False
80,Ireland,IRL,5,46422.07,0.92000002,4.620999813079834,3.400000095367432,10.75,23.200001,7.783196449279785,False
81,Israel,ISR,3,25926.25,0.898,8.211999893188477,3.299999952316284,2.6199999,30.4,7.808308124542236,False
82,Italy,ITA,5,32931.672,0.88099998,60.78300094604492,3.200000047683716,7.5599999,24.200001,9.247918128967283,False
83,Cote d'Ivoire,CIV,4,1354.29,0.46599999,22.52400016784668,76.19999694824219,3.1500001,NaN,5.716273784637451,False
84,Jamaica,JAM,10,4668.77,0.72899997,2.799000024795532,14.39999961853027,3.8299999,17.6,5.36152458190918,False
85,Japan,JPN,6,36123.77,0.90200001,127.120002746582,2.200000047683716,7.5500002,22.799999,10.22874450683594,False
86,Kazakhstan,KAZ,1,14098.88,0.79299998,17.42200088500977,16.70000076293945,6.29,26.299999,4.355939865112305,False
87,Jordan,JOR,3,5188.9199,0.741,6.675000190734863,16.39999961853027,0.41,38.400002,7.452995777130127,False
88,Kenya,KEN,4,1494.63,0.55000001,40.70000076293945,48.70000076293945,1.84,13.6,5.720291137695313,False
89,"Korea, North",PRK,6,1727.8199,NaN,NaN,NaN,3.3499999,NaN,NaN,True
90,"Korea, South",KOR,6,33181.891,0.89899999,50.74700164794922,3.299999952316284,9.3299999,27.4,7.373112678527832,False
91,Kuwait,KWT,3,64342.711,0.79900002,3.999000072479248,9.5,0.02,NaN,3.042368412017822,False
92,Kyrgyzstan,KGZ,1,3010.24,0.662,5.894999980926514,23.60000038146973,3.28,26.4,6.483762264251709,False
93,Laos,LAO,7,2926.77,0.58200002,6.89799976348877,54.0,5.3899999,34.0,1.865545511245728,False
94,Lebanon,LBN,3,14711.97,0.76300001,4.382999897003174,8.0,1.3200001,37.0,6.3937087059021,False
95,Lesotho,LSO,4,1539.79,0.495,NaN,74.19999694824219,2.3900001,25.4,10.61767673492432,True
96,Latvia,LVA,1,16583.67,0.82800001,2.000999927520752,7.599999904632568,10.37,35.900002,5.880693435668945,False
97,Liberia,LBR,4,488.26999,0.42699999,NaN,53.59999847412109,3.72,14.2,10.03633308410645,True
98,Libya,LBY,3,4102.8398,0.71899998,6.265999794006348,13.19999980926514,0.0,NaN,4.968935012817383,False
99,Liechtenstein,LIE,5,102243.52,0.91100001,NaN,NaN,NaN,NaN,NaN,True
100,Lithuania,LTU,1,17559.75,0.84600002,2.931999921798706,4.400000095367432,15.19,30.1,6.552116870880127,False
101,Luxembourg,LUX,5,61404.48,0.89600003,0.550000011920929,1.700000047683716,11.12,24.4,6.937873363494873,False
102,Madagascar,MDG,4,822.62,0.51099998,NaN,40.90000152587891,0.87,NaN,3.041355133056641,True
103,Malawi,MWI,4,938.34998,0.47299999,17.60400009155273,46.0,1.23,16.299999,11.37795639038086,False
104,Malaysia (1966-),MYS,7,12284.27,0.787,30.70899963378906,7.300000190734863,0.51999998,22.299999,4.169077873229981,False
105,Maldives,MDV,8,13349.76,0.70099998,0.335999995470047,NaN,1.92,NaN,13.7335205078125,False
106,Mali,MLI,4,1063.26,0.43799999,14.85400009155273,79.5999984741211,0.61000001,18.6,6.862166404724121,False
107,Malta,MLT,5,24094.641,0.85299999,0.425000011920929,5.800000190734863,8.4899998,25.9,9.749919891357422,False
108,Mauritania,MRT,4,2223.01,0.51300001,3.36899995803833,64.80000305175781,0.0099999998,22.299999,3.772699117660523,False
109,Mauritius,MUS,4,10944.54,0.77899998,1.261000037193298,13.0,3.03,21.9,4.809544563293457,False
110,Mexico,MEX,2,13609.42,0.75800002,119.7129974365234,13.89999961853027,5.2600002,14.5,6.296421051025391,False
111,Monaco,MCO,5,108481.13,NaN,NaN,NaN,NaN,NaN,4.337683200836182,True
112,Mongolia,MNG,6,6277.8999,0.73299998,2.881999969482422,23.0,NaN,26.799999,4.730341911315918,False
113,Moldova,MDA,1,4207.8701,0.70099998,3.555000066757202,15.10000038146973,9.9899998,23.799999,10.32365608215332,False
114,Montenegro,MNE,1,14538.52,0.80400002,0.621999979019165,5.5,6.5599999,NaN,6.416542530059815,False
115,Morocco,MAR,3,3999.5601,0.64499998,33.17900085449219,26.79999923706055,0.43000001,22.0,5.907778263092041,False
116,Mozambique,MOZ,4,852.39001,0.414,25.73299980163574,63.09999847412109,1.16,18.799999,6.975581645965576,False
117,Oman,OMN,3,26158.73,0.79500002,3.717000007629395,10.0,0.40000001,13.5,3.553939580917358,False
118,Namibia,NAM,4,4521.29,0.63700002,NaN,28.29999923706055,7.8400002,23.799999,8.928688049316406,True
119,Nauru,NRU,9,3130.47,NaN,0.0120000001043081,NaN,NaN,48.900002,3.32664942741394,False
120,Nepal,NPL,8,1462.08,0.55500001,28.17499923706055,33.59999847412109,0.27000001,24.6,5.797225952148438,False
121,Netherlands,NLD,5,42258.352,0.92299998,16.86499977111816,3.400000095367432,8.6800003,25.700001,10.89729309082031,False
122,Vanuatu,VUT,9,2877.01,0.59799999,0.2569999992847443,NaN,0.85000002,NaN,5.023574829101563,False
123,New Zealand,NZL,5,26481.369,0.91299999,4.554999828338623,4.699999809265137,9.0699997,17.6,11.02960968017578,False
124,Nicaragua,NIC,2,2527.1001,0.64200002,5.946000099182129,20.60000038146973,3.55,NaN,9.040139198303224,False
125,Niger,NER,4,644.53998,0.35100001,NaN,NaN,0.15000001,8.3999996,5.821299076080322,True
126,Nigeria,NGA,4,2246.8201,0.52499998,160.3419952392578,77.80000305175781,8.3000002,8.8999996,3.668798446655273,False
127,Norway,NOR,5,57634.77,0.94800001,5.156000137329102,2.200000047683716,6.0599999,24.1,9.719717979431152,False
128,Micronesia,FSM,9,2624.05,0.63700002,0.1019999980926514,NaN,1.58,NaN,13.7069149017334,False
129,Marshall Islands,MHL,9,2833.97,NaN,0.0540000014007092,NaN,NaN,NaN,17.13572311401367,False
130,Palau,PLW,9,9392.5996,0.78299999,0.0179999992251396,NaN,NaN,NaN,9.021533012390137,False
131,Pakistan (1971-),PAK,8,2855.55,0.54799998,186.1900024414063,69.30000305175781,0.039999999,22.6,2.613916397094727,False
132,Panama,PAN,2,15137.04,0.78500003,3.788000106811523,15.89999961853027,6.7399998,7.4000001,8.025723457336426,False
133,Papua New Guinea,PNG,9,1693.54,0.51499999,6.880000114440918,NaN,0.88,NaN,4.263570785522461,False
134,Paraguay,PRY,2,4812.9199,0.69199997,6.559000015258789,18.79999923706055,5.0300002,19.5,9.81442165374756,False
135,Peru,PER,2,9227.1504,0.73699999,30.80900001525879,14.10000038146973,5.3800001,NaN,5.473034858703613,False
136,Philippines,PHL,7,3953.1001,0.67900002,100.1490020751953,23.5,4.52,26.700001,4.709985256195068,False
137,Poland,POL,1,19990.939,0.852,38.01800155639648,4.300000190734863,10.71,29.4,6.350246429443359,False
138,Portugal,PRT,5,23744.631,0.84100002,10.40100002288818,2.900000095367432,9.8800001,22.6,9.501075744628906,False
139,Guinea-Bissau,GNB,4,961.26001,0.421,NaN,NaN,3.5699999,NaN,5.593137264251709,True
140,Timor-Leste,TLS,7,1957.8101,0.60299999,1.146000027656555,47.79999923706055,0.5,NaN,1.475303411483765,False
141,Qatar,QAT,3,104049.44,0.85500002,2.045000076293945,6.300000190734863,1.15,NaN,2.18706226348877,False
142,Romania,ROU,1,14563.14,0.79799998,19.95299911499023,10.69999980926514,9.5900002,30.5,5.565009117126465,False
143,Russia,RUS,1,19063.689,0.80500001,143.4290008544922,8.899999618530273,10.12,39.5,7.070408344268799,False
144,Rwanda,RWA,4,1440.39,0.493,10.19999980926514,38.79999923706055,8.3400002,NaN,7.531550884246826,False
145,St Kitts and Nevis,KNA,10,11237.75,0.76200002,NaN,NaN,8.6800003,NaN,5.080365180969238,True
146,St Lucia,LCA,10,11095.8,0.73500001,0.1669999957084656,NaN,9.9700003,NaN,6.719041347503662,False
147,St Vincent and the Grenadines,VCT,10,7454.8799,0.72000003,0.1099999994039536,NaN,7.0100002,NaN,8.630239486694336,False
148,San Marino,SMR,5,42664.211,NaN,0.034000001847744,NaN,NaN,NaN,6.129065036773682,False
149,Sao Tome and Principe,STP,4,2150.55,0.565,NaN,NaN,5.6900001,NaN,8.353466033935547,True
150,Saudi Arabia,SAU,3,20872.711,0.84500003,30.77000045776367,7.400000095367432,0.090000004,17.1,4.684084892272949,False
151,Senegal,SEN,4,1527.99,0.491,NaN,45.20000076293945,0.25999999,11.1,4.664971828460693,True
152,Serbia,SRB,1,11343.92,0.77499998,7.166999816894531,5.699999809265137,9.0900002,42.099998,10.36881160736084,False
153,Seychelles,SYC,4,9583.3203,0.78100002,0.0900000035762787,11.19999980926514,9.7200003,26.700001,3.369816780090332,False
154,Sierra Leone,SLE,4,979.95001,0.43099999,6.23199987411499,117.4000015258789,3.78,34.400002,11.0899019241333,False
155,Singapore,SGP,7,54268.148,0.92400002,5.46999979019165,2.299999952316284,1.83,16.200001,4.922791957855225,False
156,Slovakia,SVK,1,21776.34,0.84200001,5.415999889373779,6.300000190734863,10.6,28.799999,8.054047584533691,False
157,Vietnam,VNM,7,4147.5698,0.67799997,89.69100189208984,18.39999961853027,4.0900002,23.700001,7.066778182983398,False
158,Slovenia,SVN,1,24456.561,0.88800001,2.061000108718872,2.5,10.46,20.9,9.23388671875,False
159,Somalia,SOM,4,1436.74,NaN,NaN,NaN,0.0,NaN,NaN,True
160,South Africa,ZAF,4,8820.0596,0.66500002,54.14699935913086,33.29999923706055,7.3800001,18.9,8.796984672546387,False
161,Zimbabwe,ZWE,4,15997.67,0.50700003,12.45899963378906,55.70000076293945,6.5,NaN,6.439471244812012,False
162,Spain,ESP,5,31086.35,0.88200003,46.45500183105469,3.799999952316284,9.25,30.299999,9.02988624572754,False
163,South Sudan,SSD,4,NaN,0.421,NaN,NaN,NaN,NaN,2.738420724868774,True
164,Sudan (2012-),SDN,4,NaN,0.48800001,NaN,NaN,NaN,NaN,8.4287748336792,True
165,Suriname,SUR,10,6049.1499,0.72299999,0.546999990940094,18.5,6.3200002,NaN,5.687469959259033,False
166,Swaziland,SWZ,4,4110.0498,0.54100001,1.105999946594238,55.70000076293945,5.1999998,10.2,9.25193977355957,False
167,Sweden,SWE,5,39000.91,0.90899998,9.645000457763672,2.299999952316284,7.3000002,21.9,11.92984008789063,False
168,Switzerland,CHE,5,50454.41,0.93800002,8.140000343322754,3.700000047683716,9.6099997,24.1,11.65926837921143,False
169,Syria,SYR,3,4284.4199,0.55299997,NaN,14.19999980926514,0.75999999,NaN,3.254531145095825,True
170,Tajikistan,TJK,1,3592.6499,0.625,8.131999969482422,49.0,0.31999999,NaN,6.880884170532227,False
171,Thailand,THA,7,9295.5703,0.73799998,68.65699768066406,11.39999961853027,6.4099998,21.5,4.122164249420166,False
172,Togo,TGO,4,1036.28,0.484,6.928999900817871,NaN,1.4400001,NaN,5.24687671661377,False
173,Tonga,TON,9,3962.0601,0.71799999,0.1040000021457672,NaN,0.95999998,30.200001,5.176770687103272,False
174,Trinidad and Tobago,TTO,10,22089.16,0.77899998,1.353999972343445,18.39999961853027,6.9400001,NaN,5.933197021484375,False
175,United Arab Emirates,ARE,3,20310.109,0.83600003,NaN,7.199999809265137,1.91,NaN,3.643985748291016,True
176,Tunisia,TUN,3,6912.2798,0.72299999,NaN,13.80000019073486,1.39,NaN,7.003858089447022,True
177,Turkey,TUR,3,16900.711,0.764,77.69599914550781,12.19999980926514,1.45,27.0,5.41495943069458,False
178,Turkmenistan,TKM,1,13217.39,0.68800002,NaN,NaN,2.9000001,NaN,2.067386150360107,True
179,Tuvalu,TUV,9,3174.05,NaN,0.0109999999403954,NaN,1.34,NaN,16.5366382598877,False
180,Uganda,UGA,4,1343.45,0.48800001,37.59999847412109,45.40000152587891,10.22,10.3,7.222136974334717,False
181,Ukraine,UKR,1,9326.7197,0.74800003,42.7599983215332,9.199999809265137,8.0600004,30.700001,7.095736026763916,False
182,Macedonia,MKD,1,9610.5996,0.74599999,2.069000005722046,6.5,1.13,NaN,6.476374626159668,False
183,Egypt,EGY,3,5598.2598,0.68800002,86.69999694824219,17.89999961853027,0.20999999,23.799999,5.642115116119385,False
184,United Kingdom,GBR,5,34791.051,0.90799999,64.59700012207031,4.099999904632568,10.37,20.299999,9.115471839904783,False
185,Tanzania,TZA,4,1416.3,0.51899999,43.88000106811523,37.70000076293945,4.1999998,16.299999,5.580115795135498,False
186,United States,USA,5,47769.699,0.91799998,318.7890014648438,6.0,8.8199997,18.1,17.14075469970703,False
187,Burkina Faso,BFA,4,1095.96,0.39899999,16.5,65.80000305175781,4.6399999,19.1,4.960263252258301,False
188,Uruguay,URY,2,12804.84,0.79400003,3.453999996185303,6.199999809265137,6.0300002,24.799999,8.581491470336914,False
189,Uzbekistan,UZB,1,7370.7202,0.69700003,29.74600028991699,NaN,2.8299999,13.3,5.838521957397461,False
190,Venezuela,VEN,2,10513.96,0.76899999,NaN,13.10000038146973,6.4699998,NaN,5.256702423095703,True
191,Samoa,WSM,9,3167.75,0.70200002,0.1920000016689301,NaN,2.1500001,32.0,7.215108871459961,False
192,Yemen,YEM,3,2170.9299,0.49900001,NaN,46.29999923706055,0.039999999,NaN,5.636990070343018,True
193,Zambia,ZMB,4,1916.79,0.57599998,NaN,56.40000152587891,2.4100001,15.9,4.986764907836914,True
